{"iter": 4000, "train/loss": 3.6418018341064453, "val/loss": 3.809488296508789, "lr": 0.0001, "mfu": 1.025936503198837, "_timestamp": 1697333897.4619694, "_runtime": 524.935738325119, "_step": 16, "_wandb": {"runtime": 524}}