{"iter": 4000, "train/loss": 4.7201080322265625, "val/loss": 4.430907249450684, "lr": 0.0001, "mfu": 0.8562965808621777, "_timestamp": 1697697337.2187366, "_runtime": 531.7749376296997, "_step": 16, "_wandb": {"runtime": 531}}