{"iter": 4000, "train/loss": 1.8286107778549194, "val/loss": 3.1222341060638428, "lr": 0.0001, "mfu": 5.843987934102312, "_timestamp": 1696810593.1139185, "_runtime": 780.2766835689545, "_step": 16, "_wandb": {"runtime": 779}}