{"iter": 4000, "train/loss": 3.7791991233825684, "val/loss": 3.836185932159424, "lr": 0.0001, "mfu": 0.8270422466096211, "_timestamp": 1697334462.9987233, "_runtime": 517.1725332736969, "_step": 16, "_wandb": {"runtime": 516}}