{"iter": 4000, "train/loss": 2.797111988067627, "val/loss": 3.1692309379577637, "lr": 0.0001, "mfu": 3.6928638666743527, "_timestamp": 1697069349.0684695, "_runtime": 642.0300536155701, "_step": 16, "_wandb": {"runtime": 646}}