{"iter": 4000, "train/loss": 2.1380436420440674, "val/loss": 2.912355899810791, "lr": 0.0001, "mfu": 5.833670310971979, "_timestamp": 1697613117.1083868, "_runtime": 790.6924178600311, "_step": 16, "_wandb": {"runtime": 794}}