{"iter": 2000, "train/loss": 4.718436241149902, "val/loss": 4.494142055511475, "lr": 0.0001, "mfu": 0.72474642669151, "_timestamp": 1697688401.5465772, "_runtime": 58.18986225128174, "_step": 8, "_wandb": {"runtime": 57}}