{"iter": 4000, "train/loss": 3.4728100299835205, "val/loss": 3.3043651580810547, "lr": 0.0001, "mfu": 5.837748592490536, "_timestamp": 1697710282.727368, "_runtime": 789.8280930519104, "_step": 16, "_wandb": {"runtime": 788}}