{"iter": 4000, "train/loss": 1.7755959033966064, "val/loss": 3.566906452178955, "lr": 0.0001, "mfu": 5.791895730663287, "_timestamp": 1697072904.5853236, "_runtime": 754.6983606815338, "_step": 16, "_wandb": {"runtime": 753}}