{"iter": 2000, "train/loss": 3.8300983905792236, "val/loss": 3.7678284645080566, "lr": 0.0001, "mfu": 1.5965153980379287, "_timestamp": 1696376715.4030702, "_runtime": 38.972936153411865, "_step": 8, "_wandb": {"runtime": 39}}