{"iter": 20, "train/loss": 2.002007007598877, "val/loss": 1.8865187168121338, "lr": 3e-05, "mfu": 9.841151673251215, "_timestamp": 1697399558.9442308, "_runtime": 195.37320685386658, "_step": 4, "_wandb": {"runtime": 205}}