{"iter": 2000, "train/loss": 4.076718807220459, "val/loss": 3.9247047901153564, "lr": 0.0001, "mfu": 0.1519105898768427, "_timestamp": 1696375267.3291306, "_runtime": 419.995721578598, "_step": 8, "_wandb": {"runtime": 421}}