{"iter": 0, "train/loss": 11.038515090942383, "val/loss": 11.04294204711914, "lr": 0.0, "mfu": -100.0, "_timestamp": 1696805731.6679537, "_runtime": 70.09828066825867, "_step": 0, "_wandb": {"runtime": 100}}