{"iter": 0, "train/loss": 10.859127044677734, "val/loss": 10.855680465698242, "lr": 0.0, "mfu": -100.0, "_timestamp": 1696463580.905859, "_runtime": 4.8460071086883545, "_step": 0, "_wandb": {"runtime": 4}}