{"iter": 4000, "train/loss": 1.8246943950653076, "val/loss": 3.108788251876831, "lr": 0.0001, "mfu": 5.865142390810391, "_timestamp": 1697061796.773748, "_runtime": 772.4080638885498, "_step": 16, "_wandb": {"runtime": 771}}