{"iter": 4000, "train/loss": 3.418530225753784, "val/loss": 3.254004955291748, "lr": 0.0001, "mfu": 5.870066119736357, "_timestamp": 1697752744.5585692, "_runtime": 789.196099281311, "_step": 16, "_wandb": {"runtime": 788}}