{"iter": 4000, "train/loss": 3.4667649269104004, "val/loss": 3.2993812561035156, "lr": 0.0001, "mfu": 5.835389102142184, "_timestamp": 1697694325.860651, "_runtime": 789.5751569271088, "_step": 16, "_wandb": {"runtime": 788}}