{"iter": 4000, "train/loss": 2.1411595344543457, "val/loss": 2.9167072772979736, "lr": 0.0001, "mfu": 5.84674340519244, "_timestamp": 1696824408.2116642, "_runtime": 791.6784021854401, "_step": 16, "_wandb": {"runtime": 796}}