{"iter": 0, "train/loss": 10.823028564453125, "val/loss": 10.832018852233887, "lr": 0.0, "mfu": -100.0, "_timestamp": 1696374292.8902295, "_runtime": 3.3505795001983643, "_step": 0, "_wandb": {"runtime": 4}}