{"iter": 4000, "train/loss": 4.580604553222656, "val/loss": 4.411517143249512, "lr": 0.0001, "mfu": 1.0279808176792167, "_timestamp": 1697691811.9427757, "_runtime": 528.7943246364594, "_step": 16, "_wandb": {"runtime": 527}}