{"iter": 3550, "train/loss": 0.1583518087863922, "val/loss": 4.0200700759887695, "lr": 3e-05, "mfu": 11.233087758384302, "_timestamp": 1697426941.3466673, "_runtime": 24133.710436344147, "_step": 710}