{"iter": 4000, "train/loss": 0.18571515381336212, "val/loss": 5.04524564743042, "lr": 0.0001, "mfu": 10.974304286708934, "_timestamp": 1697072101.694175, "_runtime": 1548.3093280792236, "_step": 16, "_wandb": {"runtime": 1547}}