{"iter": 2000, "train/loss": 4.717652320861816, "val/loss": 4.494964122772217, "lr": 0.0001, "mfu": 0.7124369208974445, "_timestamp": 1697696772.424895, "_runtime": 47.88131403923035, "_step": 8, "_wandb": {"runtime": 47}}