{"iter": 4000, "train/loss": 2.319047451019287, "val/loss": 3.046165943145752, "lr": 0.0001, "mfu": 5.308036159168439, "_timestamp": 1696463523.106898, "_runtime": 159.92386507987976, "_step": 16, "_wandb": {"runtime": 158}}