{"iter": 4000, "train/loss": 4.136943340301514, "val/loss": 3.7429652214050293, "lr": 0.0001, "mfu": 0.6894939339518944, "_timestamp": 1697153830.677799, "_runtime": 527.2922019958496, "_step": 16, "_wandb": {"runtime": 531}}