{"iter": 4000, "train/loss": 4.613957405090332, "val/loss": 4.445981025695801, "lr": 0.0001, "mfu": 0.8027840313869671, "_timestamp": 1697692580.3880105, "_runtime": 535.7071895599365, "_step": 16, "_wandb": {"runtime": 535}}