{"iter": 2000, "train/loss": 3.728548049926758, "val/loss": 3.7834160327911377, "lr": 0.0001, "mfu": 3.5835249664833952, "_timestamp": 1696376833.8754797, "_runtime": 73.68437767028809, "_step": 8, "_wandb": {"runtime": 72}}