{"iter": 2000, "train/loss": 4.722962379455566, "val/loss": 4.498281478881836, "lr": 0.0001, "mfu": 0.7127594696703968, "_timestamp": 1697696615.8565001, "_runtime": 48.21693706512451, "_step": 8, "_wandb": {"runtime": 47}}