{"iter": 4000, "train/loss": 3.5435702800750732, "val/loss": 3.618187665939331, "lr": 0.0001, "mfu": 3.809892382392146, "_timestamp": 1697068087.337402, "_runtime": 642.8543040752411, "_step": 16, "_wandb": {"runtime": 641}}