{"iter": 8000, "train/loss": 0.07358524948358536, "val/loss": 6.146151542663574, "lr": 0.0001, "mfu": 10.176207601146013, "_timestamp": 1696805597.9174676, "_runtime": 4123.692821502686, "_step": 32, "_wandb": {"runtime": 4123}}