{"iter": 2000, "train/loss": 4.003061771392822, "val/loss": 3.9852728843688965, "lr": 0.0001, "mfu": 0.5339616862110677, "_timestamp": 1696374795.7049658, "_runtime": 50.02754473686218, "_step": 8, "_wandb": {"runtime": 49}}