{"iter": 2000, "train/loss": 4.005764961242676, "val/loss": 3.995652675628662, "lr": 0.0001, "mfu": 0.9250725832332077, "_timestamp": 1696457264.615288, "_runtime": 36.18019509315491, "_step": 8, "_wandb": {"runtime": 35}}