{"iter": 4000, "train/loss": 3.975494861602783, "val/loss": 3.984570026397705, "lr": 0.0001, "mfu": 0.5472459935262934, "_timestamp": 1697332485.6794672, "_runtime": 527.9494242668152, "_step": 16, "_wandb": {"runtime": 527}}