{"iter": 2000, "train/loss": 4.005764961242676, "val/loss": 3.995652675628662, "lr": 0.0001, "mfu": 0.046212529774277276, "_timestamp": 1696301796.0784929, "_runtime": 656.7610788345337, "_step": 8, "_wandb": {"runtime": 656}}