{"iter": 2000, "train/loss": 4.062615871429443, "val/loss": 3.9112002849578857, "lr": 0.0001, "mfu": 0.11282959243896352, "_timestamp": 1696376137.2674043, "_runtime": 608.7620303630829, "_step": 8, "_wandb": {"runtime": 611}}