{"iter": 2000, "train/loss": 3.013640880584717, "val/loss": 3.3271396160125732, "lr": 0.0001, "mfu": 3.3536489514142085, "_timestamp": 1696376630.5625675, "_runtime": 91.78918957710266, "_step": 8, "_wandb": {"runtime": 91}}