{"iter": 4000, "train/loss": 2.3206605911254883, "val/loss": 3.0575082302093506, "lr": 0.0001, "mfu": 3.7455236428907774, "_timestamp": 1696624332.8857515, "_runtime": 212.2715015411377, "_step": 16, "_wandb": {"runtime": 211}}