{"iter": 2000, "train/loss": 4.005764961242676, "val/loss": 3.995652675628662, "lr": 0.0001, "mfu": 0.8401669264102061, "_timestamp": 1696374480.2672355, "_runtime": 41.933884620666504, "_step": 8, "_wandb": {"runtime": 41}}